token_id_Slice,Name,Sport,Country,Stock,Rarity,Rank,IPFS CARD,IPFS  NFT Portada,Token_provider_id
1,José Fernández,Tennis,Argentina,1.000,Bronze,66,https://ipfs.io/ipfs/bafybeidvaufwhaqmrjpcq6l477ibacqo2iisva2tnvyck4yxiroqd7hsgu/Card_token_id_1.png,https://ipfs.io/ipfs/bafybeid5gfzyr2cw3yp6op4wip5jdrj25clqojgbn24ml3uxoekklvohoi/portada_token_id_1.png,1
2,Fabrizio Mazzocchetti,Tennis,Argentina,1.000,Bronze,67,https://ipfs.io/ipfs/bafybeidvaufwhaqmrjpcq6l477ibacqo2iisva2tnvyck4yxiroqd7hsgu/Card_token_id_2.png,https://ipfs.io/ipfs/bafybeid5gfzyr2cw3yp6op4wip5jdrj25clqojgbn24ml3uxoekklvohoi/portada_token_id_2.png,1
5,Julián Cundom,Tennis,Argentina,1.000,Bronze,38,https://ipfs.io/ipfs/bafybeidvaufwhaqmrjpcq6l477ibacqo2iisva2tnvyck4yxiroqd7hsgu/Card_token_id_5.png,https://ipfs.io/ipfs/bafybeid5gfzyr2cw3yp6op4wip5jdrj25clqojgbn24ml3uxoekklvohoi/portada_token_id_5.png,1
7,Julieta Lara Estable,Tennis,Argentina,1.000,Bronze,26,https://ipfs.io/ipfs/bafybeidvaufwhaqmrjpcq6l477ibacqo2iisva2tnvyck4yxiroqd7hsgu/Card_token_id_7.png,https://ipfs.io/ipfs/bafybeid5gfzyr2cw3yp6op4wip5jdrj25clqojgbn24ml3uxoekklvohoi/portada_token_id_7.png,1
9,Rocco Valente,Tennis,Argentina,1.000,Bronze,47,https://ipfs.io/ipfs/bafybeidvaufwhaqmrjpcq6l477ibacqo2iisva2tnvyck4yxiroqd7hsgu/Card_token_id_9.png,https://ipfs.io/ipfs/bafybeid5gfzyr2cw3yp6op4wip5jdrj25clqojgbn24ml3uxoekklvohoi/portada_token_id_9.png,1
10,Tadeo David Ramirez,Tennis,Argentina,1.000,Bronze,61,https://ipfs.io/ipfs/bafybeidvaufwhaqmrjpcq6l477ibacqo2iisva2tnvyck4yxiroqd7hsgu/Card_token_id_10.png,https://ipfs.io/ipfs/bafybeid5gfzyr2cw3yp6op4wip5jdrj25clqojgbn24ml3uxoekklvohoi/portada_token_id_10.png,1
11,Jaime López Rivarola,Golf,Argentina,1.000,Silver,12,https://ipfs.io/ipfs/bafybeidvaufwhaqmrjpcq6l477ibacqo2iisva2tnvyck4yxiroqd7hsgu/Card_token_id_11.png,https://ipfs.io/ipfs/bafybeid5gfzyr2cw3yp6op4wip5jdrj25clqojgbn24ml3uxoekklvohoi/portada_token_id_11.png,1
12,María Victoria Marchesini,Tennis,Argentina,1.000,Bronze,44,https://ipfs.io/ipfs/bafybeidvaufwhaqmrjpcq6l477ibacqo2iisva2tnvyck4yxiroqd7hsgu/Card_token_id_12.png,https://ipfs.io/ipfs/bafybeid5gfzyr2cw3yp6op4wip5jdrj25clqojgbn24ml3uxoekklvohoi/portada_token_id_12.png,1
13,Ornella De Fazio,Tennis,Argentina,1.000,Bronze,60,https://ipfs.io/ipfs/bafybeidvaufwhaqmrjpcq6l477ibacqo2iisva2tnvyck4yxiroqd7hsgu/Card_token_id_13.png,https://ipfs.io/ipfs/bafybeid5gfzyr2cw3yp6op4wip5jdrj25clqojgbn24ml3uxoekklvohoi/portada_token_id_13.png,1
14,Lautaro Agustín Corthey,Tennis,Argentina,1.000,Bronze,53,https://ipfs.io/ipfs/bafybeidvaufwhaqmrjpcq6l477ibacqo2iisva2tnvyck4yxiroqd7hsgu/Card_token_id_14.png,https://ipfs.io/ipfs/bafybeid5gfzyr2cw3yp6op4wip5jdrj25clqojgbn24ml3uxoekklvohoi/portada_token_id_14.png,1
16,Manuel Torres,Golf,Venezuela,1.000,Silver,17,https://ipfs.io/ipfs/bafybeidvaufwhaqmrjpcq6l477ibacqo2iisva2tnvyck4yxiroqd7hsgu/Card_token_id_16.png,https://ipfs.io/ipfs/bafybeid5gfzyr2cw3yp6op4wip5jdrj25clqojgbn24ml3uxoekklvohoi/portada_token_id_16.png,1
17,Juan Pablo Varillas,Tennis,Peru,1.000,Silver,9,https://ipfs.io/ipfs/bafybeidvaufwhaqmrjpcq6l477ibacqo2iisva2tnvyck4yxiroqd7hsgu/Card_token_id_17.png,https://ipfs.io/ipfs/bafybeid5gfzyr2cw3yp6op4wip5jdrj25clqojgbn24ml3uxoekklvohoi/portada_token_id_17.png,1
20,Tomás Martín Etcheverry,Tennis,Argentina,50,Gold,1,https://ipfs.io/ipfs/bafybeidvaufwhaqmrjpcq6l477ibacqo2iisva2tnvyck4yxiroqd7hsgu/Card_token_id_20.png,https://ipfs.io/ipfs/bafybeid5gfzyr2cw3yp6op4wip5jdrj25clqojgbn24ml3uxoekklvohoi/portada_token_id_20.png,1
21,Sebastián Olivera,Tennis,Uruguay,1.000,Bronze,59,https://ipfs.io/ipfs/bafybeidvaufwhaqmrjpcq6l477ibacqo2iisva2tnvyck4yxiroqd7hsgu/Card_token_id_21.png,https://ipfs.io/ipfs/bafybeid5gfzyr2cw3yp6op4wip5jdrj25clqojgbn24ml3uxoekklvohoi/portada_token_id_21.png,1
24,Evialina Laskevich,Tennis,Belarus,1.000,Bronze,28,https://ipfs.io/ipfs/bafybeidvaufwhaqmrjpcq6l477ibacqo2iisva2tnvyck4yxiroqd7hsgu/Card_token_id_24.png,https://ipfs.io/ipfs/bafybeid5gfzyr2cw3yp6op4wip5jdrj25clqojgbn24ml3uxoekklvohoi/portada_token_id_24.png,1
25,Antonia Vergara,Tennis,Chile,1.000,Bronze,40,https://ipfs.io/ipfs/bafybeidvaufwhaqmrjpcq6l477ibacqo2iisva2tnvyck4yxiroqd7hsgu/Card_token_id_25.png,https://ipfs.io/ipfs/bafybeid5gfzyr2cw3yp6op4wip5jdrj25clqojgbn24ml3uxoekklvohoi/portada_token_id_25.png,1
26,Tano Goya,Golf,Argentina,1.000,Gold,4,https://ipfs.io/ipfs/bafybeidvaufwhaqmrjpcq6l477ibacqo2iisva2tnvyck4yxiroqd7hsgu/Card_token_id_26.png,https://ipfs.io/ipfs/bafybeid5gfzyr2cw3yp6op4wip5jdrj25clqojgbn24ml3uxoekklvohoi/portada_token_id_26.png,1
29,Facundo Bagnis,Tennis,Argentina,1.000,Silver,11,https://ipfs.io/ipfs/bafybeidvaufwhaqmrjpcq6l477ibacqo2iisva2tnvyck4yxiroqd7hsgu/Card_token_id_29.png,https://ipfs.io/ipfs/bafybeid5gfzyr2cw3yp6op4wip5jdrj25clqojgbn24ml3uxoekklvohoi/portada_token_id_29.png,1
30,Tommaso Compagnucci,Tennis,Italy,1.000,Bronze,27,https://ipfs.io/ipfs/bafybeidvaufwhaqmrjpcq6l477ibacqo2iisva2tnvyck4yxiroqd7hsgu/Card_token_id_30.png,https://ipfs.io/ipfs/bafybeid5gfzyr2cw3yp6op4wip5jdrj25clqojgbn24ml3uxoekklvohoi/portada_token_id_30.png,1
31,Romina Ccuno,Tennis,Peru,1.000,Silver,13,https://ipfs.io/ipfs/bafybeidvaufwhaqmrjpcq6l477ibacqo2iisva2tnvyck4yxiroqd7hsgu/Card_token_id_31.png,https://ipfs.io/ipfs/bafybeid5gfzyr2cw3yp6op4wip5jdrj25clqojgbn24ml3uxoekklvohoi/portada_token_id_31.png,1
32,Miguel Vergara,Tennis,Chile,1.000,Bronze,68,https://ipfs.io/ipfs/bafybeidvaufwhaqmrjpcq6l477ibacqo2iisva2tnvyck4yxiroqd7hsgu/Card_token_id_32.png,https://ipfs.io/ipfs/bafybeid5gfzyr2cw3yp6op4wip5jdrj25clqojgbn24ml3uxoekklvohoi/portada_token_id_32.png,1
33,Guido Justo,Tennis,Argentina,1.000,Bronze,25,https://ipfs.io/ipfs/bafybeidvaufwhaqmrjpcq6l477ibacqo2iisva2tnvyck4yxiroqd7hsgu/Card_token_id_33.png,https://ipfs.io/ipfs/bafybeid5gfzyr2cw3yp6op4wip5jdrj25clqojgbn24ml3uxoekklvohoi/portada_token_id_33.png,1
34,Sebastián Mora Bobadilla,Tennis,Colombia,1.000,Bronze,69,https://ipfs.io/ipfs/bafybeidvaufwhaqmrjpcq6l477ibacqo2iisva2tnvyck4yxiroqd7hsgu/Card_token_id_34.png,https://ipfs.io/ipfs/bafybeid5gfzyr2cw3yp6op4wip5jdrj25clqojgbn24ml3uxoekklvohoi/portada_token_id_34.png,1
37,Rafael Jose De Lima Gonzalez,Tennis,Venezuela,1.000,Bronze,70,https://ipfs.io/ipfs/bafybeidvaufwhaqmrjpcq6l477ibacqo2iisva2tnvyck4yxiroqd7hsgu/Card_token_id_37.png,https://ipfs.io/ipfs/bafybeid5gfzyr2cw3yp6op4wip5jdrj25clqojgbn24ml3uxoekklvohoi/portada_token_id_37.png,1
39,Noelia Zeballos,Tennis,Bolivia,1.000,Bronze,31,https://ipfs.io/ipfs/bafybeidvaufwhaqmrjpcq6l477ibacqo2iisva2tnvyck4yxiroqd7hsgu/Card_token_id_39.png,https://ipfs.io/ipfs/bafybeid5gfzyr2cw3yp6op4wip5jdrj25clqojgbn24ml3uxoekklvohoi/portada_token_id_39.png,1
40,Federico Gomez,Tennis,Argentina,1.000,Silver,10,https://ipfs.io/ipfs/bafybeidvaufwhaqmrjpcq6l477ibacqo2iisva2tnvyck4yxiroqd7hsgu/Card_token_id_40.png,https://ipfs.io/ipfs/bafybeid5gfzyr2cw3yp6op4wip5jdrj25clqojgbn24ml3uxoekklvohoi/portada_token_id_40.png,1
43,Camila Chavarria,Tennis,Mexico,1.000,Bronze,71,https://ipfs.io/ipfs/bafybeidvaufwhaqmrjpcq6l477ibacqo2iisva2tnvyck4yxiroqd7hsgu/Card_token_id_43.png,https://ipfs.io/ipfs/bafybeid5gfzyr2cw3yp6op4wip5jdrj25clqojgbn24ml3uxoekklvohoi/portada_token_id_43.png,1
46,Jennifer Luikham,Tennis,India,1.000,Bronze,58,https://ipfs.io/ipfs/bafybeidvaufwhaqmrjpcq6l477ibacqo2iisva2tnvyck4yxiroqd7hsgu/Card_token_id_46.png,https://ipfs.io/ipfs/bafybeid5gfzyr2cw3yp6op4wip5jdrj25clqojgbn24ml3uxoekklvohoi/portada_token_id_46.png,1
45,Nicolás Eli,Tennis,Argentina,1.000,Bronze,65,https://ipfs.io/ipfs/bafybeidvaufwhaqmrjpcq6l477ibacqo2iisva2tnvyck4yxiroqd7hsgu/Card_token_id_45.png,https://ipfs.io/ipfs/bafybeid5gfzyr2cw3yp6op4wip5jdrj25clqojgbn24ml3uxoekklvohoi/portada_token_id_45.png,1
47,Johan Rodríguez,Tennis,Colombia,1.000,Bronze,35,https://ipfs.io/ipfs/bafybeidvaufwhaqmrjpcq6l477ibacqo2iisva2tnvyck4yxiroqd7hsgu/Card_token_id_47.png,https://ipfs.io/ipfs/bafybeid5gfzyr2cw3yp6op4wip5jdrj25clqojgbn24ml3uxoekklvohoi/portada_token_id_47.png,1
48,Nicolás Mejía,Tennis,Colombia,1.000,Silver,15,https://ipfs.io/ipfs/bafybeidvaufwhaqmrjpcq6l477ibacqo2iisva2tnvyck4yxiroqd7hsgu/Card_token_id_48.png,https://ipfs.io/ipfs/bafybeid5gfzyr2cw3yp6op4wip5jdrj25clqojgbn24ml3uxoekklvohoi/portada_token_id_48.png,1
49,Tomás Zimmermann,Tennis,Swiss,1.000,Bronze,72,https://ipfs.io/ipfs/bafybeidvaufwhaqmrjpcq6l477ibacqo2iisva2tnvyck4yxiroqd7hsgu/Card_token_id_49.png,https://ipfs.io/ipfs/bafybeid5gfzyr2cw3yp6op4wip5jdrj25clqojgbn24ml3uxoekklvohoi/portada_token_id_49.png,1
51,Hugo Dellien,Tennis,Bolivia,1.000,Silver,6,https://ipfs.io/ipfs/bafybeidvaufwhaqmrjpcq6l477ibacqo2iisva2tnvyck4yxiroqd7hsgu/Card_token_id_51.png,https://ipfs.io/ipfs/bafybeid5gfzyr2cw3yp6op4wip5jdrj25clqojgbn24ml3uxoekklvohoi/portada_token_id_51.png,1
52,Federico Coria,Tennis,Argentina,1.000,Silver,7,https://ipfs.io/ipfs/bafybeidvaufwhaqmrjpcq6l477ibacqo2iisva2tnvyck4yxiroqd7hsgu/Card_token_id_52.png,https://ipfs.io/ipfs/bafybeid5gfzyr2cw3yp6op4wip5jdrj25clqojgbn24ml3uxoekklvohoi/portada_token_id_52.png,1
53,Leonid Sheyngezikht,Tennis,Bulgaria,1.000,Bronze,45,https://ipfs.io/ipfs/bafybeidvaufwhaqmrjpcq6l477ibacqo2iisva2tnvyck4yxiroqd7hsgu/Card_token_id_53.png,https://ipfs.io/ipfs/bafybeid5gfzyr2cw3yp6op4wip5jdrj25clqojgbn24ml3uxoekklvohoi/portada_token_id_53.png,1
54,Ximena Senties,Tennis,Mexico,1.000,Bronze,48,https://ipfs.io/ipfs/bafybeidvaufwhaqmrjpcq6l477ibacqo2iisva2tnvyck4yxiroqd7hsgu/Card_token_id_54.png,https://ipfs.io/ipfs/bafybeid5gfzyr2cw3yp6op4wip5jdrj25clqojgbn24ml3uxoekklvohoi/portada_token_id_54.png,1
55,Aleksandr Braynin,Tennis,Ukraine,1.000,Bronze,36,https://ipfs.io/ipfs/bafybeidvaufwhaqmrjpcq6l477ibacqo2iisva2tnvyck4yxiroqd7hsgu/Card_token_id_55.png,https://ipfs.io/ipfs/bafybeid5gfzyr2cw3yp6op4wip5jdrj25clqojgbn24ml3uxoekklvohoi/portada_token_id_55.png,1
57,Fernando Cavallo,Tennis,Argentina,200,Silver,8,https://ipfs.io/ipfs/bafybeidvaufwhaqmrjpcq6l477ibacqo2iisva2tnvyck4yxiroqd7hsgu/Card_token_id_57.png,https://ipfs.io/ipfs/bafybeid5gfzyr2cw3yp6op4wip5jdrj25clqojgbn24ml3uxoekklvohoi/portada_token_id_57.png,1
58,Juan Ignacio Gallego,Tennis,Argentina,1.000,Bronze,64,https://ipfs.io/ipfs/bafybeidvaufwhaqmrjpcq6l477ibacqo2iisva2tnvyck4yxiroqd7hsgu/Card_token_id_58.png,https://ipfs.io/ipfs/bafybeid5gfzyr2cw3yp6op4wip5jdrj25clqojgbn24ml3uxoekklvohoi/portada_token_id_58.png,1
59,Mariana Drazic,Tennis,Croatia,1.000,Bronze,42,https://ipfs.io/ipfs/bafybeidvaufwhaqmrjpcq6l477ibacqo2iisva2tnvyck4yxiroqd7hsgu/Card_token_id_59.png,https://ipfs.io/ipfs/bafybeid5gfzyr2cw3yp6op4wip5jdrj25clqojgbn24ml3uxoekklvohoi/portada_token_id_59.png,1
61,Nicolas Echavarria,Golf,Colombia,1.000,Gold,2,https://ipfs.io/ipfs/bafybeidvaufwhaqmrjpcq6l477ibacqo2iisva2tnvyck4yxiroqd7hsgu/Card_token_id_61.png,https://ipfs.io/ipfs/bafybeid5gfzyr2cw3yp6op4wip5jdrj25clqojgbn24ml3uxoekklvohoi/portada_token_id_61.png,1
62,Agustina Gomez Cisterna,Golf,Chile,1.000,Bronze,73,https://ipfs.io/ipfs/bafybeidvaufwhaqmrjpcq6l477ibacqo2iisva2tnvyck4yxiroqd7hsgu/Card_token_id_62.png,https://ipfs.io/ipfs/bafybeid5gfzyr2cw3yp6op4wip5jdrj25clqojgbn24ml3uxoekklvohoi/portada_token_id_62.png,1
63,Anastasia Kulikova,Tennis,Finland,1.000,Bronze,23,https://ipfs.io/ipfs/bafybeidvaufwhaqmrjpcq6l477ibacqo2iisva2tnvyck4yxiroqd7hsgu/Card_token_id_63.png,https://ipfs.io/ipfs/bafybeid5gfzyr2cw3yp6op4wip5jdrj25clqojgbn24ml3uxoekklvohoi/portada_token_id_63.png,1
64,Sebastian Ofner,Tennis,Austria,100,Gold,3,https://ipfs.io/ipfs/bafybeidvaufwhaqmrjpcq6l477ibacqo2iisva2tnvyck4yxiroqd7hsgu/Card_token_id_64.png,https://ipfs.io/ipfs/bafybeid5gfzyr2cw3yp6op4wip5jdrj25clqojgbn24ml3uxoekklvohoi/portada_token_id_64.png,1
65,Juan Ignacio Bazan,Tennis,Argentina,1.000,Bronze,74,https://ipfs.io/ipfs/bafybeidvaufwhaqmrjpcq6l477ibacqo2iisva2tnvyck4yxiroqd7hsgu/Card_token_id_65.png,https://ipfs.io/ipfs/bafybeid5gfzyr2cw3yp6op4wip5jdrj25clqojgbn24ml3uxoekklvohoi/portada_token_id_65.png,1
66,Andrea Collarini,Tennis,Argentina,1.000,Bronze,24,https://ipfs.io/ipfs/bafybeidvaufwhaqmrjpcq6l477ibacqo2iisva2tnvyck4yxiroqd7hsgu/Card_token_id_66.png,https://ipfs.io/ipfs/bafybeid5gfzyr2cw3yp6op4wip5jdrj25clqojgbn24ml3uxoekklvohoi/portada_token_id_66.png,1
67,Marcos De Ezcurra,Golf,Argentina,1.000,Bronze,75,https://ipfs.io/ipfs/bafybeidvaufwhaqmrjpcq6l477ibacqo2iisva2tnvyck4yxiroqd7hsgu/Card_token_id_67.png,https://ipfs.io/ipfs/bafybeid5gfzyr2cw3yp6op4wip5jdrj25clqojgbn24ml3uxoekklvohoi/portada_token_id_67.png,1
68,Mariano Kestelboim,Tennis,Argentina,1.000,Silver,18,https://ipfs.io/ipfs/bafybeidvaufwhaqmrjpcq6l477ibacqo2iisva2tnvyck4yxiroqd7hsgu/Card_token_id_68.png,https://ipfs.io/ipfs/bafybeid5gfzyr2cw3yp6op4wip5jdrj25clqojgbn24ml3uxoekklvohoi/portada_token_id_68.png,1
71,Sandra Samir,Tennis,Egypt,1.000,Bronze,34,https://ipfs.io/ipfs/bafybeidvaufwhaqmrjpcq6l477ibacqo2iisva2tnvyck4yxiroqd7hsgu/Card_token_id_71.png,https://ipfs.io/ipfs/bafybeid5gfzyr2cw3yp6op4wip5jdrj25clqojgbn24ml3uxoekklvohoi/portada_token_id_71.png,1
72,Alvaro Guillen Meza,Tennis,Ecuador,1.000,Silver,16,https://ipfs.io/ipfs/bafybeidvaufwhaqmrjpcq6l477ibacqo2iisva2tnvyck4yxiroqd7hsgu/Card_token_id_72.png,https://ipfs.io/ipfs/bafybeid5gfzyr2cw3yp6op4wip5jdrj25clqojgbn24ml3uxoekklvohoi/portada_token_id_72.png,1
73,Denisa Hindova,Tennis,Czech Republic,1.000,Bronze,41,https://ipfs.io/ipfs/bafybeidvaufwhaqmrjpcq6l477ibacqo2iisva2tnvyck4yxiroqd7hsgu/Card_token_id_73.png,https://ipfs.io/ipfs/bafybeid5gfzyr2cw3yp6op4wip5jdrj25clqojgbn24ml3uxoekklvohoi/portada_token_id_73.png,1
74,Meshkatolzahra Safi,Tennis,Iran,1.000,Bronze,52,https://ipfs.io/ipfs/bafybeidvaufwhaqmrjpcq6l477ibacqo2iisva2tnvyck4yxiroqd7hsgu/Card_token_id_74.png,https://ipfs.io/ipfs/bafybeid5gfzyr2cw3yp6op4wip5jdrj25clqojgbn24ml3uxoekklvohoi/portada_token_id_74.png,1
75,Blake Bayldon,Tennis,Australia,1.000,Bronze,29,https://ipfs.io/ipfs/bafybeidvaufwhaqmrjpcq6l477ibacqo2iisva2tnvyck4yxiroqd7hsgu/Card_token_id_75.png,https://ipfs.io/ipfs/bafybeid5gfzyr2cw3yp6op4wip5jdrj25clqojgbn24ml3uxoekklvohoi/portada_token_id_75.png,1
76,Alan Wagner,Golf,Argentina,1.000,Gold,5,https://ipfs.io/ipfs/bafybeidvaufwhaqmrjpcq6l477ibacqo2iisva2tnvyck4yxiroqd7hsgu/Card_token_id_76.png,https://ipfs.io/ipfs/bafybeid5gfzyr2cw3yp6op4wip5jdrj25clqojgbn24ml3uxoekklvohoi/portada_token_id_76.png,1
77,Benjamin Alarcon,Tennis,Argentina,1.000,Bronze,63,https://ipfs.io/ipfs/bafybeidvaufwhaqmrjpcq6l477ibacqo2iisva2tnvyck4yxiroqd7hsgu/Card_token_id_77.png,https://ipfs.io/ipfs/bafybeid5gfzyr2cw3yp6op4wip5jdrj25clqojgbn24ml3uxoekklvohoi/portada_token_id_77.png,1
78,Imran Sibille,Tennis,Morocco,1.000,Silver,22,https://ipfs.io/ipfs/bafybeidvaufwhaqmrjpcq6l477ibacqo2iisva2tnvyck4yxiroqd7hsgu/Card_token_id_78.png,https://ipfs.io/ipfs/bafybeid5gfzyr2cw3yp6op4wip5jdrj25clqojgbn24ml3uxoekklvohoi/portada_token_id_78.png,1
79,Maria Fernanda Navarro,Tennis,Mexico,1.000,Bronze,46,https://ipfs.io/ipfs/bafybeidvaufwhaqmrjpcq6l477ibacqo2iisva2tnvyck4yxiroqd7hsgu/Card_token_id_79.png,https://ipfs.io/ipfs/bafybeid5gfzyr2cw3yp6op4wip5jdrj25clqojgbn24ml3uxoekklvohoi/portada_token_id_79.png,1
80,Anastasia Zolotareva,Tennis,Russia,1.000,Bronze,37,https://ipfs.io/ipfs/bafybeidvaufwhaqmrjpcq6l477ibacqo2iisva2tnvyck4yxiroqd7hsgu/Card_token_id_80.png,https://ipfs.io/ipfs/bafybeid5gfzyr2cw3yp6op4wip5jdrj25clqojgbn24ml3uxoekklvohoi/portada_token_id_80.png,1
81,Diego Barreto Sanchez,Tennis,Spain,1.000,Bronze,39,https://ipfs.io/ipfs/bafybeidvaufwhaqmrjpcq6l477ibacqo2iisva2tnvyck4yxiroqd7hsgu/Card_token_id_81.png,https://ipfs.io/ipfs/bafybeid5gfzyr2cw3yp6op4wip5jdrj25clqojgbn24ml3uxoekklvohoi/portada_token_id_81.png,1
82,Joel Navarro,Tennis,Argentina,1.000,Bronze,76,https://ipfs.io/ipfs/bafybeidvaufwhaqmrjpcq6l477ibacqo2iisva2tnvyck4yxiroqd7hsgu/Card_token_id_82.png,https://ipfs.io/ipfs/bafybeid5gfzyr2cw3yp6op4wip5jdrj25clqojgbn24ml3uxoekklvohoi/portada_token_id_82.png,1
83,Katarina Kuzmova,Tennis,Slovakia,1.000,Bronze,33,https://ipfs.io/ipfs/bafybeidvaufwhaqmrjpcq6l477ibacqo2iisva2tnvyck4yxiroqd7hsgu/Card_token_id_83.png,https://ipfs.io/ipfs/bafybeid5gfzyr2cw3yp6op4wip5jdrj25clqojgbn24ml3uxoekklvohoi/portada_token_id_83.png,1
84,Karolina Vlčková,Tennis,Czech Republic,1.000,Bronze,49,https://ipfs.io/ipfs/bafybeidvaufwhaqmrjpcq6l477ibacqo2iisva2tnvyck4yxiroqd7hsgu/Card_token_id_84.png,https://ipfs.io/ipfs/bafybeid5gfzyr2cw3yp6op4wip5jdrj25clqojgbn24ml3uxoekklvohoi/portada_token_id_84.png,1
85,Victoria Chramcova,Tennis,Slovakia,1.000,Bronze,81,https://ipfs.io/ipfs/bafybeidvaufwhaqmrjpcq6l477ibacqo2iisva2tnvyck4yxiroqd7hsgu/Card_token_id_85.png,https://ipfs.io/ipfs/bafybeid5gfzyr2cw3yp6op4wip5jdrj25clqojgbn24ml3uxoekklvohoi/portada_token_id_85.png,1
86,Matias Perich,Tennis,Argentina,1.000,Bronze,82,https://ipfs.io/ipfs/bafybeidvaufwhaqmrjpcq6l477ibacqo2iisva2tnvyck4yxiroqd7hsgu/Card_token_id_86.png,https://ipfs.io/ipfs/bafybeid5gfzyr2cw3yp6op4wip5jdrj25clqojgbn24ml3uxoekklvohoi/portada_token_id_86.png,1
87,Nicolas Kicker,Tennis,Argentina,1.000,Bronze,32,https://ipfs.io/ipfs/bafybeidvaufwhaqmrjpcq6l477ibacqo2iisva2tnvyck4yxiroqd7hsgu/Card_token_id_87.png,https://ipfs.io/ipfs/bafybeid5gfzyr2cw3yp6op4wip5jdrj25clqojgbn24ml3uxoekklvohoi/portada_token_id_87.png,1
88,Lorenzo Bocchi,Tennis,Italy,1.000,Bronze,57,https://ipfs.io/ipfs/bafybeidvaufwhaqmrjpcq6l477ibacqo2iisva2tnvyck4yxiroqd7hsgu/Card_token_id_88.png,https://ipfs.io/ipfs/bafybeid5gfzyr2cw3yp6op4wip5jdrj25clqojgbn24ml3uxoekklvohoi/portada_token_id_88.png,1
89,Leonardo Aboian,Tennis,Argentina,1.000,Bronze,43,https://ipfs.io/ipfs/bafybeidvaufwhaqmrjpcq6l477ibacqo2iisva2tnvyck4yxiroqd7hsgu/Card_token_id_89.png,https://ipfs.io/ipfs/bafybeid5gfzyr2cw3yp6op4wip5jdrj25clqojgbn24ml3uxoekklvohoi/portada_token_id_89.png,1
90,Renzo Olivo,Tennis,Argentina,1.000,Silver,19,https://ipfs.io/ipfs/bafybeidvaufwhaqmrjpcq6l477ibacqo2iisva2tnvyck4yxiroqd7hsgu/Card_token_id_90.png,https://ipfs.io/ipfs/bafybeid5gfzyr2cw3yp6op4wip5jdrj25clqojgbn24ml3uxoekklvohoi/portada_token_id_90.png,1
91,Jesus Montenegro,Golf,Argentina,1.000,Silver,14,https://ipfs.io/ipfs/bafybeidvaufwhaqmrjpcq6l477ibacqo2iisva2tnvyck4yxiroqd7hsgu/Card_token_id_91.png,https://ipfs.io/ipfs/bafybeid5gfzyr2cw3yp6op4wip5jdrj25clqojgbn24ml3uxoekklvohoi/portada_token_id_91.png,1
92,Alex Barrena,Tennis,Argentina,1.000,Bronze,30,https://ipfs.io/ipfs/bafybeidvaufwhaqmrjpcq6l477ibacqo2iisva2tnvyck4yxiroqd7hsgu/Card_token_id_92.png,https://ipfs.io/ipfs/bafybeid5gfzyr2cw3yp6op4wip5jdrj25clqojgbn24ml3uxoekklvohoi/portada_token_id_92.png,1
93,Maria Fernanda Morales,Tennis,Sweden,1.000,Bronze,62,https://ipfs.io/ipfs/bafybeidvaufwhaqmrjpcq6l477ibacqo2iisva2tnvyck4yxiroqd7hsgu/Card_token_id_93.png,https://ipfs.io/ipfs/bafybeid5gfzyr2cw3yp6op4wip5jdrj25clqojgbn24ml3uxoekklvohoi/portada_token_id_93.png,1
94,Adriana Reami,Tennis,USA,1.000,Bronze,55,https://ipfs.io/ipfs/bafybeidvaufwhaqmrjpcq6l477ibacqo2iisva2tnvyck4yxiroqd7hsgu/Card_token_id_94.png,https://ipfs.io/ipfs/bafybeid5gfzyr2cw3yp6op4wip5jdrj25clqojgbn24ml3uxoekklvohoi/portada_token_id_94.png,1
95,Aiken Tejada,Tennis,Argentina,1.000,Bronze,79,https://ipfs.io/ipfs/bafybeidvaufwhaqmrjpcq6l477ibacqo2iisva2tnvyck4yxiroqd7hsgu/Card_token_id_95.png,https://ipfs.io/ipfs/bafybeid5gfzyr2cw3yp6op4wip5jdrj25clqojgbn24ml3uxoekklvohoi/portada_token_id_95.png,1
96,Maximo Zeitune,Tennis,Argentina,1.000,Silver,21,https://ipfs.io/ipfs/bafybeidvaufwhaqmrjpcq6l477ibacqo2iisva2tnvyck4yxiroqd7hsgu/Card_token_id_96.png,https://ipfs.io/ipfs/bafybeid5gfzyr2cw3yp6op4wip5jdrj25clqojgbn24ml3uxoekklvohoi/portada_token_id_96.png,1
97,Ezequiel Monferrer,Tennis,Argentina,1.000,Bronze,50,https://ipfs.io/ipfs/bafybeidvaufwhaqmrjpcq6l477ibacqo2iisva2tnvyck4yxiroqd7hsgu/Card_token_id_97.png,https://ipfs.io/ipfs/bafybeid5gfzyr2cw3yp6op4wip5jdrj25clqojgbn24ml3uxoekklvohoi/portada_token_id_97.png,1
98,Marcos Chan,Tennis,Ecuador,1.000,Bronze,77,https://ipfs.io/ipfs/bafybeidvaufwhaqmrjpcq6l477ibacqo2iisva2tnvyck4yxiroqd7hsgu/Card_token_id_98.png,https://ipfs.io/ipfs/bafybeid5gfzyr2cw3yp6op4wip5jdrj25clqojgbn24ml3uxoekklvohoi/portada_token_id_98.png,1
99,Enola Chiesa,Tennis,Italy,1.000,Bronze,80,https://ipfs.io/ipfs/bafybeidvaufwhaqmrjpcq6l477ibacqo2iisva2tnvyck4yxiroqd7hsgu/Card_token_id_99.png,https://ipfs.io/ipfs/bafybeid5gfzyr2cw3yp6op4wip5jdrj25clqojgbn24ml3uxoekklvohoi/portada_token_id_99.png,1
100,Garrett Johns,Tennis,USA,1.000,Bronze,54,https://ipfs.io/ipfs/bafybeidvaufwhaqmrjpcq6l477ibacqo2iisva2tnvyck4yxiroqd7hsgu/Card_token_id_100.png,https://ipfs.io/ipfs/bafybeid5gfzyr2cw3yp6op4wip5jdrj25clqojgbn24ml3uxoekklvohoi/portada_token_id_100.png,1
101,Balthazar Huss,Tennis,Italy,1.000,Bronze,78,https://ipfs.io/ipfs/bafybeidvaufwhaqmrjpcq6l477ibacqo2iisva2tnvyck4yxiroqd7hsgu/Card_token_id_101.png,https://ipfs.io/ipfs/bafybeid5gfzyr2cw3yp6op4wip5jdrj25clqojgbn24ml3uxoekklvohoi/portada_token_id_101.png,1
102,Juan Cruz Martin Manzano,Tennis,Italy,1.000,Bronze,56,https://ipfs.io/ipfs/bafybeidvaufwhaqmrjpcq6l477ibacqo2iisva2tnvyck4yxiroqd7hsgu/Card_token_id_102.png,https://ipfs.io/ipfs/bafybeid5gfzyr2cw3yp6op4wip5jdrj25clqojgbn24ml3uxoekklvohoi/portada_token_id_102.png,1
103,Ema Burgic,Tennis,Bosnia,1.000,Bronze,51,https://ipfs.io/ipfs/bafybeidvaufwhaqmrjpcq6l477ibacqo2iisva2tnvyck4yxiroqd7hsgu/Card_token_id_103.png,https://ipfs.io/ipfs/bafybeid5gfzyr2cw3yp6op4wip5jdrj25clqojgbn24ml3uxoekklvohoi/portada_token_id_103.png,1
104,Stefan Kozlov,Tennis,USA,1.000,Silver,20,https://ipfs.io/ipfs/bafybeidvaufwhaqmrjpcq6l477ibacqo2iisva2tnvyck4yxiroqd7hsgu/Card_token_id_104.png,https://ipfs.io/ipfs/bafybeid5gfzyr2cw3yp6op4wip5jdrj25clqojgbn24ml3uxoekklvohoi/portada_token_id_104.png,1